criterion,mean,std,median,min,max,n_samples
groundedness,3.86,0.748598690888516,4.0,3.0,5.0,50
helpfulness,4.06,0.6452906321960672,4.0,3.0,5.0,50
consistency,4.1,0.7000000000000001,4.0,3.0,5.0,50
overall,4.006666666666667,0.7070753535200867,4.0,3.0,5.0,150
