split,lang,rmse_open,mae_open,acc_open,pearson_open,rmse_conscientious,mae_conscientious,acc_conscientious,pearson_conscientious,rmse_extroverted,mae_extroverted,acc_extroverted,pearson_extroverted,rmse_agreeable,mae_agreeable,acc_agreeable,pearson_agreeable,rmse_stable,mae_stable,acc_stable,pearson_stable,avg_rmse,avg_mae,avg_acc,avg_pearson
dev,it_twitter_xlm,0.08833754929704163,0.0570674005895853,0.75,0.8854844839998876,0.12210718103044173,0.07936166767030955,0.875,0.5946520080102612,0.13777589879054444,0.08149584960192442,0.875,0.6467637637805462,0.12014106776260866,0.09900631466880441,0.625,0.8408308133834161,0.11173014481118776,0.10298378405859694,0.25,0.8487277144315203,0.11601836833836483,0.08398300331784413,0.675,0.7632917567211263
test,it_twitter_xlm,0.14134438475561012,0.11005656490723291,0.4,0.5629859842620735,0.08353748352729194,0.07123328228791553,0.6666666666666666,0.8395909101001813,0.06908217567112211,0.05308386594057084,0.8666666666666667,0.8337083734797224,0.11503015151192773,0.08513916273911795,0.7333333333333333,0.5085413206058559,0.13897018719800816,0.11782835237681866,0.4,0.7626352352117318,0.10959287653279201,0.08746824565033118,0.6133333333333333,0.7014923647319129
