split,lang,rmse_open,mae_open,acc_open,pearson_open,rmse_conscientious,mae_conscientious,acc_conscientious,pearson_conscientious,rmse_extroverted,mae_extroverted,acc_extroverted,pearson_extroverted,rmse_agreeable,mae_agreeable,acc_agreeable,pearson_agreeable,rmse_stable,mae_stable,acc_stable,pearson_stable,avg_rmse,avg_mae,avg_acc,avg_pearson
dev,nl,0.14055239689713944,0.1358041260970165,0.0,0.7099130391912821,0.1290455521501802,0.07720030049762223,0.8571428571428571,0.6396492034517246,0.10535439476857579,0.09464526292135544,0.5714285714285714,-0.5751778383814584,0.1489929353193751,0.1217269386122719,0.42857142857142855,0.39916916791909896,0.10585148227268346,0.08217238669213936,0.7142857142857143,0.41096591437029506,0.1259593522815908,0.1023098029640811,0.5142857142857142,0.3169038973101885
test,nl,0.09890447615594504,0.0840616417145764,0.7142857142857143,0.8357429919304701,0.10366405641501208,0.08241789383811203,0.5,0.9132032859655325,0.09772198622284782,0.08099970529502776,0.7142857142857143,0.8193204681536626,0.16710457272015308,0.1410622646087804,0.5714285714285714,0.8760802548294802,0.15734933580749097,0.1260325447026405,0.6428571428571429,0.5772181198250679,0.12494888546428981,0.10291481003182741,0.6285714285714286,0.8043130241408427
