split,lang,rmse_open,mae_open,acc_open,pearson_open,rmse_conscientious,mae_conscientious,acc_conscientious,pearson_conscientious,rmse_extroverted,mae_extroverted,acc_extroverted,pearson_extroverted,rmse_agreeable,mae_agreeable,acc_agreeable,pearson_agreeable,rmse_stable,mae_stable,acc_stable,pearson_stable,avg_rmse,avg_mae,avg_acc,avg_pearson
dev,en_xlm,0.08770475190796422,0.06892403071125348,0.7333333333333333,0.8399793591487804,0.09869362799310383,0.07670586895197631,0.6666666666666666,0.7366629830524671,0.11017389565547255,0.08435021186868348,0.7333333333333333,0.7314621068450632,0.11051603698304176,0.08221189634564022,0.6333333333333333,0.7440333271362114,0.147924048193346,0.10528746460874874,0.6,0.8097415384672032,0.11100247214658568,0.08349589449726044,0.6733333333333333,0.772375862929945
test,en_xlm,0.12315787533813817,0.09692611285185411,0.6101694915254238,0.6071748537277314,0.10259522394895963,0.07953258260326872,0.6610169491525424,0.7189971131655439,0.13271132682831674,0.09857139801448685,0.6271186440677966,0.5731997312732159,0.1347156781737897,0.09865246459968008,0.6440677966101694,0.5791393818386366,0.16015333697323977,0.11868523257326778,0.5423728813559322,0.6623176709405898,0.13066668825248878,0.09847355812851151,0.6169491525423729,0.6281657501891436
