lang,count,mean,std,min,25%,50%,75%,max
en,294.0,1104.9149659863945,348.32764221082977,281.0,931.25,1119.0,1292.5,1983.0
es,188.0,1360.6010638297873,259.7053151055045,349.0,1209.75,1372.0,1541.0,2053.0
it,74.0,1236.3243243243244,244.23350089999113,138.0,1094.0,1258.5,1370.25,1851.0
nl,66.0,1156.1060606060605,289.13346020282364,474.0,1009.0,1171.5,1310.75,1826.0
