,y_open,y_open,y_open,y_open,y_open,y_open,y_open,y_open,y_conscientious,y_conscientious,y_conscientious,y_conscientious,y_conscientious,y_conscientious,y_conscientious,y_conscientious,y_extroverted,y_extroverted,y_extroverted,y_extroverted,y_extroverted,y_extroverted,y_extroverted,y_extroverted,y_agreeable,y_agreeable,y_agreeable,y_agreeable,y_agreeable,y_agreeable,y_agreeable,y_agreeable,y_stable,y_stable,y_stable,y_stable,y_stable,y_stable,y_stable,y_stable
,count,mean,std,min,25%,50%,75%,max,count,mean,std,min,25%,50%,75%,max,count,mean,std,min,25%,50%,75%,max,count,mean,std,min,25%,50%,75%,max,count,mean,std,min,25%,50%,75%,max
lang,,,,,,,,,,,,,,,,,,,,,,,,,,,,,,,,,,,,,,,,
en,294.0,0.2534013605442177,0.15224821030411068,-0.1,0.1,0.2,0.4,0.5,294.0,0.17278911564625848,0.14988406128244258,-0.2,0.1,0.2,0.3,0.5,294.0,0.17006802721088435,0.16291498483820332,-0.3,0.1,0.2,0.3,0.5,294.0,0.13333333333333333,0.1553739662782736,-0.3,0.1,0.1,0.2,0.5,294.0,0.13911564625850342,0.22671545567758783,-0.3,-0.1,0.2,0.3,0.5
es,188.0,0.1867021276595745,0.15610149103538457,-0.1,0.1,0.1,0.3,0.5,188.0,0.23351063829787236,0.17940607568634148,-0.2,0.1,0.2,0.4,0.5,188.0,0.17553191489361702,0.1824879573861409,-0.3,0.1,0.2,0.3,0.5,188.0,0.14361702127659576,0.16711359653609723,-0.2,0.1,0.2,0.2,0.5,188.0,0.08776595744680851,0.2073755241892549,-0.3,-0.1,0.1,0.2,0.5
it,74.0,0.2486486486486487,0.15983145509956645,0.0,0.1,0.2,0.4,0.5,74.0,0.19594594594594597,0.12653354007598708,0.0,0.1,0.2,0.3,0.4,74.0,0.16891891891891891,0.15072943706793063,-0.1,0.1,0.1,0.2,0.5,74.0,0.20675675675675675,0.15644254149475226,-0.1,0.1,0.2,0.3,0.5,74.0,0.20135135135135135,0.1876262995579779,-0.2,0.1,0.2,0.3,0.5
nl,66.0,0.2924242424242424,0.1140992901759166,0.1,0.2,0.3,0.4,0.5,66.0,0.1575757575757576,0.13594184962764955,-0.1,0.1,0.1,0.3,0.5,66.0,0.2439393939393939,0.14689482148152322,-0.2,0.2,0.2,0.375,0.5,66.0,0.14393939393939395,0.1530498037380069,-0.2,0.0,0.1,0.2,0.4,66.0,0.2196969696969697,0.20397563728558518,-0.2,0.1,0.3,0.4,0.5
