criterion,mean,std,median,min,max,n_samples
groundedness,4.62,0.6896375859826668,5.0,3.0,5.0,50
helpfulness,4.86,0.4004996878900158,5.0,3.0,5.0,50
consistency,4.88,0.3815756805667783,5.0,3.0,5.0,50
overall,4.786666666666667,0.5239168721170266,5.0,3.0,5.0,150
