p@5_open,ndcg@5_open,p@5_conscientious,ndcg@5_conscientious,p@5_extroverted,ndcg@5_extroverted,p@5_agreeable,ndcg@5_agreeable,p@5_stable,ndcg@5_stable,avg_p@5,avg_ndcg@5
0.72,0.9289131111709343,0.736,0.9592568274721145,0.7360000000000001,0.952541067289474,0.72,0.912376964074955,0.7440000000000001,0.9498137112671521,0.7312000000000001,0.940580336254926
