split,lang,rmse_open,mae_open,acc_open,pearson_open,rmse_conscientious,mae_conscientious,acc_conscientious,pearson_conscientious,rmse_extroverted,mae_extroverted,acc_extroverted,pearson_extroverted,rmse_agreeable,mae_agreeable,acc_agreeable,pearson_agreeable,rmse_stable,mae_stable,acc_stable,pearson_stable,avg_rmse,avg_mae,avg_acc,avg_pearson
dev,en,0.12158544894166161,0.10792671301530875,0.4,0.7943181556838795,0.11551748121622607,0.09511219744600759,0.5333333333333333,0.7686663881976614,0.13352723114866175,0.10892358831180404,0.5666666666666667,0.6765131050145872,0.146846122189806,0.11596401067297725,0.5666666666666667,0.44500908749164375,0.20815001849629705,0.16949272073390975,0.3333333333333333,0.6488130156605955,0.14512526039853052,0.11948384603600148,0.48,0.6666639504096735
test,en,0.13014567650701808,0.11215432628558887,0.423728813559322,0.6127395173236416,0.12074305728989887,0.09744454238916922,0.5254237288135594,0.7625093435050709,0.13517154166178055,0.10642035455546987,0.5084745762711864,0.6547950525956218,0.14006558332221822,0.10377324932912005,0.6271186440677966,0.6827545339045524,0.173435802500141,0.14205717748182953,0.4067796610169492,0.6581434661188168,0.13991233225621133,0.11236993000823552,0.4983050847457628,0.6741883826895407
