split,lang,rmse_open,mae_open,acc_open,pearson_open,rmse_conscientious,mae_conscientious,acc_conscientious,pearson_conscientious,rmse_extroverted,mae_extroverted,acc_extroverted,pearson_extroverted,rmse_agreeable,mae_agreeable,acc_agreeable,pearson_agreeable,rmse_stable,mae_stable,acc_stable,pearson_stable,avg_rmse,avg_mae,avg_acc,avg_pearson
dev,it,0.13666439879301331,0.11663621665849694,0.5,0.8237542655702537,0.1190515516976604,0.10619979830238241,0.625,0.7042663688930958,0.14999435427098262,0.09829069771988469,0.625,0.5111648465456504,0.12186671814910198,0.09560626636573445,0.5,0.9384093833193945,0.13111636328940893,0.10404306106557532,0.75,0.690586191170961,0.13173867724003344,0.10415520802241476,0.6,0.7336362110998711
test,it,0.15223311744539833,0.1387094246016842,0.3333333333333333,0.5928881979567744,0.10110109136978201,0.08039555506645547,0.8,0.7719006021290084,0.08997943155238057,0.0763176643616076,0.7333333333333333,0.8519806324193658,0.09210893432138004,0.07977321905020243,0.6,0.5199830297515777,0.16531763523085263,0.13843021711303463,0.4,0.5943099651776328,0.12014804198395872,0.10272521603859686,0.5733333333333334,0.6662124854868718
