split,lang,rmse_open,mae_open,acc_open,pearson_open,rmse_conscientious,mae_conscientious,acc_conscientious,pearson_conscientious,rmse_extroverted,mae_extroverted,acc_extroverted,pearson_extroverted,rmse_agreeable,mae_agreeable,acc_agreeable,pearson_agreeable,rmse_stable,mae_stable,acc_stable,pearson_stable,avg_rmse,avg_mae,avg_acc,avg_pearson
dev,en_twitter,0.0810735662474776,0.06530362517883383,0.8,0.8849244001784905,0.08236985376848432,0.06200754689673582,0.7333333333333333,0.8002765181249331,0.0937009048062619,0.07406419138113657,0.7666666666666667,0.8359922037695611,0.0907256389898738,0.069705826677382,0.7333333333333333,0.8423165990183604,0.12313093396421644,0.09319120859106382,0.6333333333333333,0.8938407100649091,0.0942001795552628,0.07285447974503041,0.7333333333333333,0.8514700862312509
test,en_twitter,0.11053060306996605,0.08085327150331718,0.711864406779661,0.6917714190367736,0.09124936220888921,0.06585988555798086,0.7627118644067796,0.7845967591455579,0.11221890227262171,0.0798311638061778,0.6949152542372882,0.726825964025709,0.12557488542882345,0.08617254969805983,0.711864406779661,0.6525376446478411,0.14011221113686054,0.10993911889934188,0.5423728813559322,0.7507384275477698,0.1159371928234322,0.08453119789297552,0.6847457627118644,0.7212940428807302
