split,lang,rmse_open,mae_open,acc_open,pearson_open,rmse_conscientious,mae_conscientious,acc_conscientious,pearson_conscientious,rmse_extroverted,mae_extroverted,acc_extroverted,pearson_extroverted,rmse_agreeable,mae_agreeable,acc_agreeable,pearson_agreeable,rmse_stable,mae_stable,acc_stable,pearson_stable,avg_rmse,avg_mae,avg_acc,avg_pearson
dev,es_twitter_xlm,0.10997532598901068,0.0871260879463271,0.631578947368421,0.6789940609522521,0.10144734360788682,0.08818157087815436,0.6842105263157895,0.9130397469495726,0.11667850879466378,0.09361393385027586,0.5789473684210527,0.8168680178341966,0.09268359333680135,0.07482903505626479,0.7368421052631579,0.8289047804093727,0.09511900660064801,0.07532669256784415,0.7368421052631579,0.9089968385653674,0.10318075566580212,0.08381546405977326,0.6736842105263159,0.8293606889421523
test,es_twitter_xlm,0.11493385648033444,0.09793052492957365,0.6052631578947368,0.7630862627927175,0.12998777507999926,0.1118225787913329,0.42105263157894735,0.687264824136063,0.12951665025233566,0.10229829600767086,0.6052631578947368,0.8073874628921061,0.12285078367026156,0.08770430414496284,0.7105263157894737,0.7158306643916441,0.15910044352002764,0.12470190707398086,0.5789473684210527,0.7881826132216201,0.1312779018005917,0.10489152218950422,0.5842105263157895,0.7523503654868302
