split,lang,rmse_open,mae_open,acc_open,pearson_open,rmse_conscientious,mae_conscientious,acc_conscientious,pearson_conscientious,rmse_extroverted,mae_extroverted,acc_extroverted,pearson_extroverted,rmse_agreeable,mae_agreeable,acc_agreeable,pearson_agreeable,rmse_stable,mae_stable,acc_stable,pearson_stable,avg_rmse,avg_mae,avg_acc,avg_pearson
dev,nl_twitter_xlm,0.13321664068107333,0.12859955600329812,0.2857142857142857,0.5409084539849206,0.16082207956129133,0.12467388194054364,0.5714285714285714,0.7320119272170633,0.07814323971010106,0.06301943787506649,0.7142857142857143,0.4818545650718603,0.15597432959088234,0.13381319556917465,0.42857142857142855,0.3015984374036919,0.10696920839018217,0.10042074492999485,0.5714285714285714,0.5420563994310434,0.12702509958670605,0.11010536326361556,0.5142857142857142,0.5196859566217158
test,nl_twitter_xlm,0.08036517859107044,0.06359556828226362,0.7142857142857143,0.8587460941423354,0.08726546170524102,0.07349851329677873,0.8571428571428571,0.9185372429391334,0.07543287392112144,0.06549460025770323,0.7142857142857143,0.8918105091391259,0.12958929051995216,0.10401691711906877,0.5,0.9189799215547005,0.12846408322898106,0.10451156300093448,0.5714285714285714,0.8566276499371409,0.10022337759327322,0.08222343239134977,0.6714285714285714,0.8889402835424873
